<?xml version="1.0" encoding="UTF-8"?>
<html>
  <head>
    <e-head-title/>
    <meta http-equiv="expires" content="Tue, 31 Dec 1996 01:23:45 GMT"/>
    <meta http-equiv="Pragma" content="no-cache"/>
  </head>
  <body>
    <e-body-title/>
    <p>
      The applet on this page
      contains a parser for the language defined by
        <e-lang-with-links/>. 
      <e-optional-status-note/>
      It allows you to type in an expression, and then view the parse tree,
      or else obtain an error if it is syntactically incorrect.  
      The results should not be used as an absolute reference,
      and may flag legal syntax or errors not intended by the drafts.  
      However, the parser used here was generated by processing the
      same representation of the grammar
      that was used to produce the EBNF productions in the corresponding specification(s).  
      This parser is also used by the working groups
      to validate the integrity of the grammar.
    </p>
    <p>
      This page is meant to be a tool for readers and parser implementers.
      Implementers are invited to visit the <a href="#resources">Resources</a> section
      below the applet.
    </p>
    <p>
      Type in a
      <e-lang-no-links/>
      expression then click on the button:
    </p>
    <applet
      archive  = "applet.jar"
      codebase="." 
      code="org.w3c.xqparser.XPathApplet"
      name     = "TestApplet"
      width    = "500"
      height   = "350"
      hspace   = "0"
      vspace   = "0"
      align    = "top"
    >
    </applet>
    <p>
      If the Applet box above is gray, or non-functional,
      it is likely that your browser does not support Java.
      In particular,  Microsoft no longer distributes their Java VM.
      You may install the Sun Java Plug-in.
      Go to
      <a href="http://java.sun.com/products/plugin/">http://java.sun.com/products/plugin/</a>
      and follow the "Download the JRE" link, and install.
    </p>
    <h2 id="resources">Resources for Implementers</h2>
    <p>
      Implementers interested in the details of how this applet is produced
      are invited to view/download the following files.
    </p>
    <p>
      Files specific to the applet on this page (and the particular syntax it recognizes):
    </p>
    <ul>
      <li><a href="grammar.jjt">grammar.jjt</a>: the input to JJTree.</li>
      <li><a href="grammar.jj">grammar.jj</a>: the output of JJTree and input to JavaCC.</li>
      <li><a href="jjdoc.html">jjdoc.html</a>: EBNF generated from the preceding file.</li>
      <li><a href="applet.jar">applet.jar</a>: the archive that runs the applet (a jar file of .class files obtained by compiling the .java files generated by JavaCC).</li>
    </ul>
    <p>
      Other files:
    </p>
    <ul>
      <li><a href="../xpath-grammar.xml">xpath-grammar.xml</a>: the XML document representing the many grammars in the XPath/XQuery family.</li>
      <li><a href="../xgrammar_src.zip">xgrammar_src.zip</a>: a zip of various source files used in the process of building the parsing applets.</li>
      <li><a href="../xgrammar_libs.zip">xgrammar_libs.zip</a>: a zip of various third-party .jar files used in the process of building the parsing applets.</li>
    </ul>
    <hr/>
    <address>
      <small>
        Page created by Scott Boag, revised by Michael Dyck.<br/>
        Staff Contact:
        <a href="http://www.w3.org/People/Quin/">Liam Quin</a>.
      </small>
    </address>

    <p class="policyfooter">
      <small>
        <a href="../../Consortium/Legal/ipr-notice.html#Copyright">Copyright</a>
        © 2000-2009
        <a href="http://www.w3.org">W3C</a>
        (<a href="http://www.lcs.mit.edu">MIT</a>,
        <a href="http://www.ercim.org/">ERCIM</a>,
        <a href="http://www.keio.ac.jp/">Keio</a>),
        All Rights Reserved.
        W3C
        <a href="../../Consortium/Legal/ipr-notice.html#Legal_Disclaimer">liability,</a>
        <a href="../../Consortium/Legal/ipr-notice.html#W3C_Trademarks" name="tm" id="tm">trademark</a>,
        <a href="../../Consortium/Legal/copyright-documents.html">document use</a> and
        <a href="../../Consortium/Legal/copyright-software.html">software licensing</a>
        rules apply.
        Your interactions with this site are in accordance with our
        <a href="../../Consortium/Legal/privacy-statement.html#Public">public</a> and
        <a href="../../Consortium/Legal/privacy-statement.html#Members">Member</a> privacy
        statements.
      </small>
    </p>
  </body>
</html>
